sample_id,arch_code,sample_node,Energy
1,"[1, 0, 1, 1, 0, 0, 5, 0, 1, 2, 5, 1]",random,-1.2882901648251583
2,"[0, 0, 1, 1, 1, 0, 1, 4, 4, 1, 0, 3]",random,-1.3036421706259553
3,"[1, 0, 0, 0, 0, 1, 1, 3, 4, 5, 2, 2]",random,-1.3029619132276045
4,"[1, 1, 0, 1, 0, 1, 1, 0, 3, 4, 1, 2]",random,-1.300028817372085
5,"[0, 1, 0, 0, 0, 0, 3, 0, 1, 0, 0, 4]",random,-1.2850810355945397
